{
"lengthUnit": "mil",
"components": {
	"fields": ["COMPONENT_NO", "COMPONENT_NAME", "LAYER", "X_COORDINATE", "Y_COORDINATE", "ANGLE"],
	"rows": [
		[1, "AN0", "T", 3739.99, -3099.99, 180],
		[2, "AN1", "T", 4079.99, -3099.99, 180],
		[3, "AN2", "T", 4424.99, -3099.99, 180],
		[4, "AN3", "T", 4764.99, -3099.99, 180],
		[5, "C1", "T", 5504.99, -1585, 90],
		[6, "D1", "T", 4886.57, -595.51, 270],
		[7, "D2", "T", 4742.09, -595.51, 270],
		[8, "D3", "T", 4597.62, -595.51, 270],
		[9, "D4", "T", 4453.14, -595.51, 270],
		[10, "D5", "T", 5031.05, -595.51, 270],
		[11, "D6", "T", 5175.52, -595.51, 270],
		[12, "D7", "T", 5319.99, -595, 270],
		[13, "D8", "T", 5459.36, -595, 270],
		[14, "GND", "T", 5527.55, 2.48, 0],
		[15, "GPIO", "T", 5265.74, 1009.84, 90],
		[16, "H1", "T", 5444.99, -2899.99, 90],
		[17, "H2", "T", 5444.99, -3139.99, 90],
		[18, "H3", "T", 5444.99, -2299.99, 270],
		[19, "I2C-5V", "T", 5167.31, 450.79, 90],
		[20, "JP1", "T", 2284.99, -1815, 270],
		[21, "JP2", "T", 2384.99, -110, 90],
		[22, "K1", "T", 1155, -1815, 0],
		[23, "K2", "T", 1155, -375, 0],
		[24, "K3", "T", 4555, 1080, 0],
		[25, "K4", "T", 2949.99, -2874.99, 180],
		[26, "K8", "T", 1755, -2999.99, 0],
		[27, "K9", "T", 1405, -2999.99, 0],
		[28, "K10", "T", 2864.99, -2524.99, 0],
		[29, "K11", "T", 1155, -110, 0],
		[30, "K12", "T", 685, -3164.99, 180],
		[31, "K13", "T", 315, -3164.99, 180],
		[32, "K15", "T", 1155, 1280, 0],
		[33, "K16", "T", 1045, -3159.99, 180],
		[34, "LS2", "T", 3099.99, 1395, 270],
		[35, "R1", "T", 4887.85, -205, 270],
		[36, "R2", "T", 4743.56, -205, 270],
		[37, "R3", "T", 4599.28, -205, 270],
		[38, "R4", "T", 4454.99, -205, 270],
		[39, "R5", "T", 5032.13, -205, 270],
		[40, "R6", "T", 5176.42, -205, 270],
		[41, "R7", "T", 5320.7, -205, 270],
		[42, "R8", "T", 5464.99, -205, 270],
		[43, "R9", "T", 1185, -3244.99, 90],
		[44, "R11", "T", 1930, -3239.99, 90],
		[45, "R12", "T", 1575, -3239.99, 90],
		[46, "R13", "T", 460, -3244.99, 90],
		[47, "R14", "T", 830, -3244.99, 90],
		[48, "U1", "T", 1145, -1075, 90],
		[49, "U2", "T", 4964.99, -1550, 180],
		[50, "U3", "T", 2849.99, -1340, 0],
		[51, "U4", "T", 4049.99, -2394.99, 0],
		[52, "U5", "T", 4314.99, 810, 270],
		[53, "U9", "T", 1145, 640, 90]
	]
},
"pins": {
	"fields": ["PIN_NO", "PIN_NAME", "PIN_X", "PIN_Y", "LAYER", "PIN_TYPE", "NET_NAME", "NET_TYPE", "PAD_SHAPE", "PAD_SIZEX", "PAD_SIZEY", "HOLE_SIZE", "PAD_ANGLE"],
	"rows": [
		[1, "AN0_1", 3740, -3139.99, "T", "DIP", "GND", "GND", "C", 55.12, 55.12, 31.5, 180],
		[2, "AN0_1", 3740, -3139.99, "B", "DIP", "GND", "GND", "C", 55.12, 55.12, 31.5, 180],
		[3, "AN0_2", 3740, -3059.99, "T", "DIP", "5V", "", "C", 55.12, 55.12, 31.5, 180],
		[4, "AN0_2", 3740, -3059.99, "B", "DIP", "5V", "", "C", 55.12, 55.12, 31.5, 180],
		[5, "AN0_3", 3740, -2979.99, "T", "DIP", "U4_7", "", "C", 55.12, 55.12, 31.5, 180],
		[6, "AN0_3", 3740, -2979.99, "B", "DIP", "U4_7", "", "C", 55.12, 55.12, 31.5, 180],
		[7, "AN1_1", 4080, -3139.99, "T", "DIP", "GND", "GND", "C", 55.12, 55.12, 31.5, 180],
		[8, "AN1_1", 4080, -3139.99, "B", "DIP", "GND", "GND", "C", 55.12, 55.12, 31.5, 180],
		[9, "AN1_2", 4080, -3059.99, "T", "DIP", "5V", "", "C", 55.12, 55.12, 31.5, 180],
		[10, "AN1_2", 4080, -3059.99, "B", "DIP", "5V", "", "C", 55.12, 55.12, 31.5, 180],
		[11, "AN1_3", 4080, -2979.99, "T", "DIP", "U4_8", "", "C", 55.12, 55.12, 31.5, 180],
		[12, "AN1_3", 4080, -2979.99, "B", "DIP", "U4_8", "", "C", 55.12, 55.12, 31.5, 180],
		[13, "AN2_1", 4424.99, -3139.99, "T", "DIP", "GND", "GND", "C", 55.12, 55.12, 31.5, 180],
		[14, "AN2_1", 4424.99, -3139.99, "B", "DIP", "GND", "GND", "C", 55.12, 55.12, 31.5, 180],
		[15, "AN2_2", 4424.99, -3059.99, "T", "DIP", "5V", "", "C", 55.12, 55.12, 31.5, 180],
		[16, "AN2_2", 4424.99, -3059.99, "B", "DIP", "5V", "", "C", 55.12, 55.12, 31.5, 180],
		[17, "AN2_3", 4424.99, -2979.99, "T", "DIP", "U4_9", "", "C", 55.12, 55.12, 31.5, 180],
		[18, "AN2_3", 4424.99, -2979.99, "B", "DIP", "U4_9", "", "C", 55.12, 55.12, 31.5, 180],
		[19, "AN3_1", 4764.99, -3139.99, "T", "DIP", "GND", "GND", "C", 55.12, 55.12, 31.5, 180],
		[20, "AN3_1", 4764.99, -3139.99, "B", "DIP", "GND", "GND", "C", 55.12, 55.12, 31.5, 180],
		[21, "AN3_2", 4764.99, -3059.99, "T", "DIP", "5V", "", "C", 55.12, 55.12, 31.5, 180],
		[22, "AN3_2", 4764.99, -3059.99, "B", "DIP", "5V", "", "C", 55.12, 55.12, 31.5, 180],
		[23, "AN3_3", 4764.99, -2979.99, "T", "DIP", "U4_10", "", "C", 55.12, 55.12, 31.5, 180],
		[24, "AN3_3", 4764.99, -2979.99, "B", "DIP", "U4_10", "", "C", 55.12, 55.12, 31.5, 180],
		[25, "C1_1", 5504.99, -1595, "T", "SMD", "5V", "", "R", 40, 50, 0, 90],
		[26, "C1_2", 5504.99, -1515, "T", "SMD", "GND", "GND", "R", 40, 50, 0, 90],
		[27, "D1_1", 4886.57, -536.45, "T", "SMD", "D1_1", "", "P", 55.12, 47.25, 0, 270],
		[28, "D1_2", 4886.57, -654.57, "T", "SMD", "D1_2", "", "P", 55.12, 47.25, 0, 270],
		[29, "D2_1", 4742.09, -536.45, "T", "SMD", "D2_1", "", "P", 55.12, 47.25, 0, 270],
		[30, "D2_2", 4742.09, -654.57, "T", "SMD", "U2_11", "", "P", 55.12, 47.25, 0, 270],
		[31, "D3_1", 4597.62, -536.45, "T", "SMD", "D3_1", "", "P", 55.12, 47.25, 0, 270],
		[32, "D3_2", 4597.62, -654.57, "T", "SMD", "U2_10", "", "P", 55.12, 47.25, 0, 270],
		[33, "D4_1", 4453.14, -536.45, "T", "SMD", "D4_1", "", "P", 55.12, 47.25, 0, 270],
		[34, "D4_2", 4453.14, -654.57, "T", "SMD", "U2_9", "", "P", 55.12, 47.25, 0, 270],
		[35, "D5_1", 5031.05, -536.45, "T", "SMD", "D5_1", "", "P", 55.12, 47.25, 0, 270],
		[36, "D5_2", 5031.05, -654.57, "T", "SMD", "U2_7", "", "P", 55.12, 47.25, 0, 270],
		[37, "D6_1", 5175.53, -536.45, "T", "SMD", "D6_1", "", "P", 55.12, 47.25, 0, 270],
		[38, "D6_2", 5175.53, -654.57, "T", "SMD", "U2_6", "", "P", 55.12, 47.25, 0, 270],
		[39, "D7_A", 5319.99, -532.01, "T", "SMD", "D7_A", "", "P", 59.06, 39.37, 0, 90],
		[40, "D7_K", 5319.99, -657.99, "T", "SMD", "U2_5", "", "P", 59.06, 39.37, 0, 90],
		[41, "D8_A", 5459.36, -532.01, "T", "SMD", "R8_2", "", "P", 59.06, 39.37, 0, 90],
		[42, "D8_K", 5459.36, -657.99, "T", "SMD", "U2_4", "", "P", 59.06, 39.37, 0, 90],
		[43, "GND_1", 5527.55, 2.48, "T", "DIP", "GND", "GND", "C", 70.87, 70.87, 47.24, 0],
		[44, "GND_1", 5527.55, 2.48, "B", "DIP", "GND", "GND", "C", 70.87, 70.87, 47.24, 0],
		[45, "GPIO_1", 5415.74, 809.84, "T", "DIP", "3V3", "", "C", 66.93, 66.93, 43.31, 90],
		[46, "GPIO_1", 5415.74, 809.84, "B", "DIP", "3V3", "", "C", 66.93, 66.93, 43.31, 90],
		[47, "GPIO_2", 5315.74, 809.84, "T", "DIP", "GND", "GND", "R", 66.93, 66.93, 43.31, 90],
		[48, "GPIO_2", 5315.74, 809.84, "B", "DIP", "GND", "GND", "R", 66.93, 66.93, 43.31, 90],
		[49, "GPIO_3", 5215.74, 809.84, "T", "DIP", "5V", "", "C", 66.93, 66.93, 43.31, 90],
		[50, "GPIO_3", 5215.74, 809.84, "B", "DIP", "5V", "", "C", 66.93, 66.93, 43.31, 90],
		[51, "GPIO_4", 5115.74, 809.84, "T", "DIP", "U1_13", "", "C", 66.93, 66.93, 43.31, 90],
		[52, "GPIO_4", 5115.74, 809.84, "B", "DIP", "U1_13", "", "C", 66.93, 66.93, 43.31, 90],
		[53, "GPIO_5", 5415.74, 909.84, "T", "DIP", "3V3", "", "C", 66.93, 66.93, 43.31, 90],
		[54, "GPIO_5", 5415.74, 909.84, "B", "DIP", "3V3", "", "C", 66.93, 66.93, 43.31, 90],
		[55, "GPIO_6", 5315.74, 909.84, "T", "DIP", "GND", "GND", "R", 66.93, 66.93, 43.31, 90],
		[56, "GPIO_6", 5315.74, 909.84, "B", "DIP", "GND", "GND", "R", 66.93, 66.93, 43.31, 90],
		[57, "GPIO_7", 5215.74, 909.84, "T", "DIP", "5V", "", "C", 66.93, 66.93, 43.31, 90],
		[58, "GPIO_7", 5215.74, 909.84, "B", "DIP", "5V", "", "C", 66.93, 66.93, 43.31, 90],
		[59, "GPIO_8", 5115.74, 909.84, "T", "DIP", "U1_12", "", "C", 66.93, 66.93, 43.31, 90],
		[60, "GPIO_8", 5115.74, 909.84, "B", "DIP", "U1_12", "", "C", 66.93, 66.93, 43.31, 90],
		[61, "GPIO_9", 5415.74, 1009.84, "T", "DIP", "3V3", "", "C", 66.93, 66.93, 43.31, 90],
		[62, "GPIO_9", 5415.74, 1009.84, "B", "DIP", "3V3", "", "C", 66.93, 66.93, 43.31, 90],
		[63, "GPIO_10", 5315.74, 1009.84, "T", "DIP", "GND", "GND", "R", 66.93, 66.93, 43.31, 90],
		[64, "GPIO_10", 5315.74, 1009.84, "B", "DIP", "GND", "GND", "R", 66.93, 66.93, 43.31, 90],
		[65, "GPIO_11", 5215.74, 1009.84, "T", "DIP", "5V", "", "C", 66.93, 66.93, 43.31, 90],
		[66, "GPIO_11", 5215.74, 1009.84, "B", "DIP", "5V", "", "C", 66.93, 66.93, 43.31, 90],
		[67, "GPIO_12", 5115.74, 1009.84, "T", "DIP", "U1_6", "", "C", 66.93, 66.93, 43.31, 90],
		[68, "GPIO_12", 5115.74, 1009.84, "B", "DIP", "U1_6", "", "C", 66.93, 66.93, 43.31, 90],
		[69, "GPIO_13", 5415.74, 1109.84, "T", "DIP", "3V3", "", "C", 66.93, 66.93, 43.31, 90],
		[70, "GPIO_13", 5415.74, 1109.84, "B", "DIP", "3V3", "", "C", 66.93, 66.93, 43.31, 90],
		[71, "GPIO_14", 5315.74, 1109.84, "T", "DIP", "GND", "GND", "R", 66.93, 66.93, 43.31, 90],
		[72, "GPIO_14", 5315.74, 1109.84, "B", "DIP", "GND", "GND", "R", 66.93, 66.93, 43.31, 90],
		[73, "GPIO_15", 5215.74, 1109.84, "T", "DIP", "5V", "", "C", 66.93, 66.93, 43.31, 90],
		[74, "GPIO_15", 5215.74, 1109.84, "B", "DIP", "5V", "", "C", 66.93, 66.93, 43.31, 90],
		[75, "GPIO_16", 5115.74, 1109.84, "T", "DIP", "U1_35", "", "C", 66.93, 66.93, 43.31, 90],
		[76, "GPIO_16", 5115.74, 1109.84, "B", "DIP", "U1_35", "", "C", 66.93, 66.93, 43.31, 90],
		[77, "GPIO_17", 5415.74, 1209.84, "T", "DIP", "3V3", "", "C", 66.93, 66.93, 43.31, 90],
		[78, "GPIO_17", 5415.74, 1209.84, "B", "DIP", "3V3", "", "C", 66.93, 66.93, 43.31, 90],
		[79, "GPIO_18", 5315.74, 1209.84, "T", "DIP", "GND", "GND", "R", 66.93, 66.93, 43.31, 90],
		[80, "GPIO_18", 5315.74, 1209.84, "B", "DIP", "GND", "GND", "R", 66.93, 66.93, 43.31, 90],
		[81, "GPIO_19", 5215.74, 1209.84, "T", "DIP", "5V", "", "C", 66.93, 66.93, 43.31, 90],
		[82, "GPIO_19", 5215.74, 1209.84, "B", "DIP", "5V", "", "C", 66.93, 66.93, 43.31, 90],
		[83, "GPIO_20", 5115.74, 1209.84, "T", "DIP", "U1_29", "", "C", 66.93, 66.93, 43.31, 90],
		[84, "GPIO_20", 5115.74, 1209.84, "B", "DIP", "U1_29", "", "C", 66.93, 66.93, 43.31, 90],
		[85, "H1_1", 5444.99, -2949.99, "T", "DIP", "U1_21", "", "R", 70.87, 70.87, 39.37, 90],
		[86, "H1_1", 5444.99, -2949.99, "B", "DIP", "U1_21", "", "R", 70.87, 70.87, 39.37, 90],
		[87, "H1_2", 5444.99, -2849.99, "T", "DIP", "U1_15", "", "C", 70.87, 70.87, 39.37, 90],
		[88, "H1_2", 5444.99, -2849.99, "B", "DIP", "U1_15", "", "C", 70.87, 70.87, 39.37, 90],
		[89, "H2_1", 5444.99, -3189.99, "T", "DIP", "GND", "GND", "R", 70.87, 70.87, 39.37, 90],
		[90, "H2_1", 5444.99, -3189.99, "B", "DIP", "GND", "GND", "R", 70.87, 70.87, 39.37, 90],
		[91, "H2_2", 5444.99, -3089.99, "T", "DIP", "U1_7", "", "C", 70.87, 70.87, 39.37, 90],
		[92, "H2_2", 5444.99, -3089.99, "B", "DIP", "U1_7", "", "C", 70.87, 70.87, 39.37, 90],
		[93, "H3_1", 5444.99, -1900, "T", "DIP", "GND", "GND", "R", 66.93, 62, 43.31, 270],
		[94, "H3_1", 5444.99, -1900, "B", "DIP", "GND", "GND", "R", 66.93, 62, 43.31, 270],
		[95, "H3_2", 5444.99, -2000, "T", "DIP", "U1_32", "", "C", 66.93, 66.93, 43.31, 270],
		[96, "H3_2", 5444.99, -2000, "B", "DIP", "U1_32", "", "C", 66.93, 66.93, 43.31, 270],
		[97, "H3_3", 5444.99, -2100, "T", "DIP", "U1_11", "", "C", 66.93, 66.93, 43.31, 270],
		[98, "H3_3", 5444.99, -2100, "B", "DIP", "U1_11", "", "C", 66.93, 66.93, 43.31, 270],
		[99, "H3_4", 5444.99, -2200, "T", "DIP", "U1_10", "", "C", 66.93, 66.93, 43.31, 270],
		[100, "H3_4", 5444.99, -2200, "B", "DIP", "U1_10", "", "C", 66.93, 66.93, 43.31, 270],
		[101, "H3_5", 5444.99, -2300, "T", "DIP", "U1_9", "", "C", 66.93, 66.93, 43.31, 270],
		[102, "H3_5", 5444.99, -2300, "B", "DIP", "U1_9", "", "C", 66.93, 66.93, 43.31, 270],
		[103, "H3_6", 5444.99, -2400, "T", "DIP", "U1_8", "", "C", 66.93, 66.93, 43.31, 270],
		[104, "H3_6", 5444.99, -2400, "B", "DIP", "U1_8", "", "C", 66.93, 66.93, 43.31, 270],
		[105, "H3_7", 5444.99, -2500, "T", "DIP", "U1_7", "", "C", 66.93, 66.93, 43.31, 270],
		[106, "H3_7", 5444.99, -2500, "B", "DIP", "U1_7", "", "C", 66.93, 66.93, 43.31, 270],
		[107, "H3_8", 5444.99, -2600, "T", "DIP", "3V3", "", "C", 66.93, 66.93, 43.31, 270],
		[108, "H3_8", 5444.99, -2600, "B", "DIP", "3V3", "", "C", 66.93, 66.93, 43.31, 270],
		[109, "H3_9", 5444.99, -2700, "T", "DIP", "5V", "", "C", 66.93, 66.93, 43.31, 270],
		[110, "H3_9", 5444.99, -2700, "B", "DIP", "5V", "", "C", 66.93, 66.93, 43.31, 270],
		[111, "I2C-5V_1", 5317.31, 250.79, "T", "DIP", "GND", "GND", "R", 66.93, 66.93, 43.31, 90],
		[112, "I2C-5V_1", 5317.31, 250.79, "B", "DIP", "GND", "GND", "R", 66.93, 66.93, 43.31, 90],
		[113, "I2C-5V_2", 5217.31, 250.79, "T", "DIP", "5V", "", "C", 66.93, 66.93, 43.31, 90],
		[114, "I2C-5V_2", 5217.31, 250.79, "B", "DIP", "5V", "", "C", 66.93, 66.93, 43.31, 90],
		[115, "I2C-5V_3", 5117.31, 250.79, "T", "DIP", "U2_14", "", "C", 66.93, 66.93, 43.31, 90],
		[116, "I2C-5V_3", 5117.31, 250.79, "B", "DIP", "U2_14", "", "C", 66.93, 66.93, 43.31, 90],
		[117, "I2C-5V_4", 5017.31, 250.79, "T", "DIP", "U2_15", "", "C", 66.93, 66.93, 43.31, 90],
		[118, "I2C-5V_4", 5017.31, 250.79, "B", "DIP", "U2_15", "", "C", 66.93, 66.93, 43.31, 90],
		[119, "I2C-5V_5", 5317.31, 350.79, "T", "DIP", "GND", "GND", "R", 66.93, 66.93, 43.31, 90],
		[120, "I2C-5V_5", 5317.31, 350.79, "B", "DIP", "GND", "GND", "R", 66.93, 66.93, 43.31, 90],
		[121, "I2C-5V_6", 5217.31, 350.79, "T", "DIP", "5V", "", "C", 66.93, 66.93, 43.31, 90],
		[122, "I2C-5V_6", 5217.31, 350.79, "B", "DIP", "5V", "", "C", 66.93, 66.93, 43.31, 90],
		[123, "I2C-5V_7", 5117.31, 350.79, "T", "DIP", "U2_14", "", "C", 66.93, 66.93, 43.31, 90],
		[124, "I2C-5V_7", 5117.31, 350.79, "B", "DIP", "U2_14", "", "C", 66.93, 66.93, 43.31, 90],
		[125, "I2C-5V_8", 5017.31, 350.79, "T", "DIP", "U2_15", "", "C", 66.93, 66.93, 43.31, 90],
		[126, "I2C-5V_8", 5017.31, 350.79, "B", "DIP", "U2_15", "", "C", 66.93, 66.93, 43.31, 90],
		[127, "I2C-5V_9", 5317.31, 450.79, "T", "DIP", "GND", "GND", "R", 66.93, 66.93, 43.31, 90],
		[128, "I2C-5V_9", 5317.31, 450.79, "B", "DIP", "GND", "GND", "R", 66.93, 66.93, 43.31, 90],
		[129, "I2C-5V_10", 5217.31, 450.79, "T", "DIP", "5V", "", "C", 66.93, 66.93, 43.31, 90],
		[130, "I2C-5V_10", 5217.31, 450.79, "B", "DIP", "5V", "", "C", 66.93, 66.93, 43.31, 90],
		[131, "I2C-5V_11", 5117.31, 450.79, "T", "DIP", "U2_14", "", "C", 66.93, 66.93, 43.31, 90],
		[132, "I2C-5V_11", 5117.31, 450.79, "B", "DIP", "U2_14", "", "C", 66.93, 66.93, 43.31, 90],
		[133, "I2C-5V_12", 5017.31, 450.79, "T", "DIP", "U2_15", "", "C", 66.93, 66.93, 43.31, 90],
		[134, "I2C-5V_12", 5017.31, 450.79, "B", "DIP", "U2_15", "", "C", 66.93, 66.93, 43.31, 90],
		[135, "I2C-5V_13", 5317.31, 550.79, "T", "DIP", "GND", "GND", "R", 66.93, 66.93, 43.31, 90],
		[136, "I2C-5V_13", 5317.31, 550.79, "B", "DIP", "GND", "GND", "R", 66.93, 66.93, 43.31, 90],
		[137, "I2C-5V_14", 5217.31, 550.79, "T", "DIP", "5V", "", "C", 66.93, 66.93, 43.31, 90],
		[138, "I2C-5V_14", 5217.31, 550.79, "B", "DIP", "5V", "", "C", 66.93, 66.93, 43.31, 90],
		[139, "I2C-5V_15", 5117.31, 550.79, "T", "DIP", "U2_14", "", "C", 66.93, 66.93, 43.31, 90],
		[140, "I2C-5V_15", 5117.31, 550.79, "B", "DIP", "U2_14", "", "C", 66.93, 66.93, 43.31, 90],
		[141, "I2C-5V_16", 5017.31, 550.79, "T", "DIP", "U2_15", "", "C", 66.93, 66.93, 43.31, 90],
		[142, "I2C-5V_16", 5017.31, 550.79, "B", "DIP", "U2_15", "", "C", 66.93, 66.93, 43.31, 90],
		[143, "I2C-5V_17", 5317.31, 650.79, "T", "DIP", "GND", "GND", "R", 66.93, 66.93, 43.31, 90],
		[144, "I2C-5V_17", 5317.31, 650.79, "B", "DIP", "GND", "GND", "R", 66.93, 66.93, 43.31, 90],
		[145, "I2C-5V_18", 5217.31, 650.79, "T", "DIP", "5V", "", "C", 66.93, 66.93, 43.31, 90],
		[146, "I2C-5V_18", 5217.31, 650.79, "B", "DIP", "5V", "", "C", 66.93, 66.93, 43.31, 90],
		[147, "I2C-5V_19", 5117.31, 650.79, "T", "DIP", "U2_14", "", "C", 66.93, 66.93, 43.31, 90],
		[148, "I2C-5V_19", 5117.31, 650.79, "B", "DIP", "U2_14", "", "C", 66.93, 66.93, 43.31, 90],
		[149, "I2C-5V_20", 5017.31, 650.79, "T", "DIP", "U2_15", "", "C", 66.93, 66.93, 43.31, 90],
		[150, "I2C-5V_20", 5017.31, 650.79, "B", "DIP", "U2_15", "", "C", 66.93, 66.93, 43.31, 90],
		[151, "JP1_1", 2285, -1814.99, "T", "DIP", "U1_19", "", "C", 56, 56, 36.2, 270],
		[152, "JP1_1", 2285, -1814.99, "B", "DIP", "U1_19", "", "C", 56, 56, 36.2, 270],
		[153, "JP1_2", 2385, -1814.99, "T", "DIP", "5V", "", "C", 56, 56, 36.2, 270],
		[154, "JP1_2", 2385, -1814.99, "B", "DIP", "5V", "", "C", 56, 56, 36.2, 270],
		[155, "JP2_1", 2385, -110, "T", "DIP", "5V", "", "R", 56, 56, 36.2, 90],
		[156, "JP2_1", 2385, -110, "B", "DIP", "5V", "", "R", 56, 56, 36.2, 90],
		[157, "JP2_2", 2285, -110, "T", "DIP", "U9_19", "", "C", 56, 56, 36.2, 90],
		[158, "JP2_2", 2285, -110, "B", "DIP", "U9_19", "", "C", 56, 56, 36.2, 90],
		[159, "K1_1", 255, -1815, "T", "DIP", "3V3", "", "R", 59, 59, 36, 0],
		[160, "K1_1", 255, -1815, "B", "DIP", "3V3", "", "R", 59, 59, 36, 0],
		[161, "K1_2", 355, -1815, "T", "DIP", "RESET", "", "C", 59, 59, 36, 0],
		[162, "K1_2", 355, -1815, "B", "DIP", "RESET", "", "C", 59, 59, 36, 0],
		[163, "K1_3", 455, -1815, "T", "DIP", "U1_3", "", "C", 59, 59, 36, 0],
		[164, "K1_3", 455, -1815, "B", "DIP", "U1_3", "", "C", 59, 59, 36, 0],
		[165, "K1_4", 555, -1815, "T", "DIP", "U1_4", "", "C", 59, 59, 36, 0],
		[166, "K1_4", 555, -1815, "B", "DIP", "U1_4", "", "C", 59, 59, 36, 0],
		[167, "K1_5", 655, -1815, "T", "DIP", "U1_5", "", "C", 59, 59, 36, 0],
		[168, "K1_5", 655, -1815, "B", "DIP", "U1_5", "", "C", 59, 59, 36, 0],
		[169, "K1_6", 755, -1815, "T", "DIP", "U1_6", "", "C", 59, 59, 36, 0],
		[170, "K1_6", 755, -1815, "B", "DIP", "U1_6", "", "C", 59, 59, 36, 0],
		[171, "K1_7", 855, -1815, "T", "DIP", "U1_7", "", "C", 59, 59, 36, 0],
		[172, "K1_7", 855, -1815, "B", "DIP", "U1_7", "", "C", 59, 59, 36, 0],
		[173, "K1_8", 955, -1815, "T", "DIP", "U1_8", "", "C", 59, 59, 36, 0],
		[174, "K1_8", 955, -1815, "B", "DIP", "U1_8", "", "C", 59, 59, 36, 0],
		[175, "K1_9", 1055, -1815, "T", "DIP", "U1_9", "", "C", 59, 59, 36, 0],
		[176, "K1_9", 1055, -1815, "B", "DIP", "U1_9", "", "C", 59, 59, 36, 0],
		[177, "K1_10", 1155, -1815, "T", "DIP", "U1_10", "", "C", 59, 59, 36, 0],
		[178, "K1_10", 1155, -1815, "B", "DIP", "U1_10", "", "C", 59, 59, 36, 0],
		[179, "K1_11", 1255, -1815, "T", "DIP", "U1_11", "", "C", 59, 59, 36, 0],
		[180, "K1_11", 1255, -1815, "B", "DIP", "U1_11", "", "C", 59, 59, 36, 0],
		[181, "K1_12", 1355, -1815, "T", "DIP", "U1_12", "", "C", 59, 59, 36, 0],
		[182, "K1_12", 1355, -1815, "B", "DIP", "U1_12", "", "C", 59, 59, 36, 0],
		[183, "K1_13", 1455, -1815, "T", "DIP", "U1_13", "", "C", 59, 59, 36, 0],
		[184, "K1_13", 1455, -1815, "B", "DIP", "U1_13", "", "C", 59, 59, 36, 0],
		[185, "K1_14", 1555, -1815, "T", "DIP", "GND", "GND", "C", 59, 59, 36, 0],
		[186, "K1_14", 1555, -1815, "B", "DIP", "GND", "GND", "C", 59, 59, 36, 0],
		[187, "K1_15", 1655, -1815, "T", "DIP", "U1_15", "", "C", 59, 59, 36, 0],
		[188, "K1_15", 1655, -1815, "B", "DIP", "U1_15", "", "C", 59, 59, 36, 0],
		[189, "K1_16", 1755, -1815, "T", "DIP", "U1_16", "", "C", 59, 59, 36, 0],
		[190, "K1_16", 1755, -1815, "B", "DIP", "U1_16", "", "C", 59, 59, 36, 0],
		[191, "K1_17", 1855, -1815, "T", "DIP", "U1_17", "", "C", 59, 59, 36, 0],
		[192, "K1_17", 1855, -1815, "B", "DIP", "U1_17", "", "C", 59, 59, 36, 0],
		[193, "K1_18", 1955, -1815, "T", "DIP", "U1_18", "", "C", 59, 59, 36, 0],
		[194, "K1_18", 1955, -1815, "B", "DIP", "U1_18", "", "C", 59, 59, 36, 0],
		[195, "K1_19", 2055, -1815, "T", "DIP", "U1_19", "", "C", 59, 59, 36, 0],
		[196, "K1_19", 2055, -1815, "B", "DIP", "U1_19", "", "C", 59, 59, 36, 0],
		[197, "K2_1", 255, -375, "T", "DIP", "GND", "GND", "R", 59, 59, 36, 0],
		[198, "K2_1", 255, -375, "B", "DIP", "GND", "GND", "R", 59, 59, 36, 0],
		[199, "K2_2", 355, -375, "T", "DIP", "U1_21", "", "C", 59, 59, 36, 0],
		[200, "K2_2", 355, -375, "B", "DIP", "U1_21", "", "C", 59, 59, 36, 0],
		[201, "K2_3", 455, -375, "T", "DIP", "U1_22", "", "C", 59, 59, 36, 0],
		[202, "K2_3", 455, -375, "B", "DIP", "U1_22", "", "C", 59, 59, 36, 0],
		[203, "K2_4", 555, -375, "T", "DIP", "U1_23", "", "C", 59, 59, 36, 0],
		[204, "K2_4", 555, -375, "B", "DIP", "U1_23", "", "C", 59, 59, 36, 0],
		[205, "K2_5", 655, -375, "T", "DIP", "U1_24", "", "C", 59, 59, 36, 0],
		[206, "K2_5", 655, -375, "B", "DIP", "U1_24", "", "C", 59, 59, 36, 0],
		[207, "K2_6", 755, -375, "T", "DIP", "U1_25", "", "C", 59, 59, 36, 0],
		[208, "K2_6", 755, -375, "B", "DIP", "U1_25", "", "C", 59, 59, 36, 0],
		[209, "K2_7", 855, -375, "T", "DIP", "GND", "GND", "C", 59, 59, 36, 0],
		[210, "K2_7", 855, -375, "B", "DIP", "GND", "GND", "C", 59, 59, 36, 0],
		[211, "K2_8", 955, -375, "T", "DIP", "U1_27", "", "C", 59, 59, 36, 0],
		[212, "K2_8", 955, -375, "B", "DIP", "U1_27", "", "C", 59, 59, 36, 0],
		[213, "K2_9", 1055, -375, "T", "DIP", "U1_28", "", "C", 59, 59, 36, 0],
		[214, "K2_9", 1055, -375, "B", "DIP", "U1_28", "", "C", 59, 59, 36, 0],
		[215, "K2_10", 1155, -375, "T", "DIP", "U1_29", "", "C", 59, 59, 36, 0],
		[216, "K2_10", 1155, -375, "B", "DIP", "U1_29", "", "C", 59, 59, 36, 0],
		[217, "K2_11", 1255, -375, "T", "DIP", "U1_30", "", "C", 59, 59, 36, 0],
		[218, "K2_11", 1255, -375, "B", "DIP", "U1_30", "", "C", 59, 59, 36, 0],
		[219, "K2_12", 1355, -375, "T", "DIP", "U1_31", "", "C", 59, 59, 36, 0],
		[220, "K2_12", 1355, -375, "B", "DIP", "U1_31", "", "C", 59, 59, 36, 0],
		[221, "K2_13", 1455, -375, "T", "DIP", "U1_32", "", "C", 59, 59, 36, 0],
		[222, "K2_13", 1455, -375, "B", "DIP", "U1_32", "", "C", 59, 59, 36, 0],
		[223, "K2_14", 1555, -375, "T", "DIP", "U1_33", "", "C", 59, 59, 36, 0],
		[224, "K2_14", 1555, -375, "B", "DIP", "U1_33", "", "C", 59, 59, 36, 0],
		[225, "K2_15", 1655, -375, "T", "DIP", "U1_34", "", "C", 59, 59, 36, 0],
		[226, "K2_15", 1655, -375, "B", "DIP", "U1_34", "", "C", 59, 59, 36, 0],
		[227, "K2_16", 1755, -375, "T", "DIP", "U1_35", "", "C", 59, 59, 36, 0],
		[228, "K2_16", 1755, -375, "B", "DIP", "U1_35", "", "C", 59, 59, 36, 0],
		[229, "K2_17", 1855, -375, "T", "DIP", "U1_36", "", "C", 59, 59, 36, 0],
		[230, "K2_17", 1855, -375, "B", "DIP", "U1_36", "", "C", 59, 59, 36, 0],
		[231, "K2_18", 1955, -375, "T", "DIP", "U1_37", "", "C", 59, 59, 36, 0],
		[232, "K2_18", 1955, -375, "B", "DIP", "U1_37", "", "C", 59, 59, 36, 0],
		[233, "K2_19", 2055, -375, "T", "DIP", "U1_38", "", "C", 59, 59, 36, 0],
		[234, "K2_19", 2055, -375, "B", "DIP", "U1_38", "", "C", 59, 59, 36, 0],
		[235, "K3_1", 4555, 1080, "T", "DIP", "K3_1", "", "P", 61.84, 61.84, 43.31, 0],
		[236, "K3_1", 4555, 1080, "B", "DIP", "K3_1", "", "P", 61.84, 61.84, 43.31, 0],
		[237, "K3_2", 4755, 1080, "T", "DIP", "K3_2", "", "C", 66.93, 66.93, 43.31, 0],
		[238, "K3_2", 4755, 1080, "B", "DIP", "K3_2", "", "C", 66.93, 66.93, 43.31, 0],
		[239, "K4_1", 2949.99, -2874.99, "T", "DIP", "5V", "", "P", 61.84, 61.84, 43.31, 180],
		[240, "K4_1", 2949.99, -2874.99, "B", "DIP", "5V", "", "P", 61.84, 61.84, 43.31, 180],
		[241, "K4_2", 2749.99, -2874.99, "T", "DIP", "GND", "GND", "C", 66.93, 66.93, 43.31, 180],
		[242, "K4_2", 2749.99, -2874.99, "B", "DIP", "GND", "GND", "C", 66.93, 66.93, 43.31, 180],
		[243, "K8_1", 1754.99, -2960, "T", "DIP", "GND", "GND", "C", 55.12, 55.12, 31.5, 0],
		[244, "K8_1", 1754.99, -2960, "B", "DIP", "GND", "GND", "C", 55.12, 55.12, 31.5, 0],
		[245, "K8_2", 1754.99, -3040, "T", "DIP", "U1_28", "", "C", 55.12, 55.12, 31.5, 0],
		[246, "K8_2", 1754.99, -3040, "B", "DIP", "U1_28", "", "C", 55.12, 55.12, 31.5, 0],
		[247, "K8_3", 1755, -3119.99, "T", "DIP", "3V3", "", "R", 55.12, 55.12, 31.5, 0],
		[248, "K8_3", 1755, -3119.99, "B", "DIP", "3V3", "", "R", 55.12, 55.12, 31.5, 0],
		[249, "K9_1", 1404.99, -2960, "T", "DIP", "GND", "GND", "C", 55.12, 55.12, 31.5, 0],
		[250, "K9_1", 1404.99, -2960, "B", "DIP", "GND", "GND", "C", 55.12, 55.12, 31.5, 0],
		[251, "K9_2", 1404.99, -3040, "T", "DIP", "U1_27", "", "C", 55.12, 55.12, 31.5, 0],
		[252, "K9_2", 1404.99, -3040, "B", "DIP", "U1_27", "", "C", 55.12, 55.12, 31.5, 0],
		[253, "K9_3", 1405, -3119.99, "T", "DIP", "3V3", "", "R", 55.12, 55.12, 31.5, 0],
		[254, "K9_3", 1405, -3119.99, "B", "DIP", "3V3", "", "R", 55.12, 55.12, 31.5, 0],
		[255, "K10_1", 2714.99, -2524.99, "T", "DIP", "5V", "", "R", 72.83, 72.83, 40.2, 0],
		[256, "K10_1", 2714.99, -2524.99, "B", "DIP", "5V", "", "R", 72.83, 72.83, 40.2, 0],
		[257, "K10_2", 2814.98, -2525, "T", "DIP", "GND", "GND", "C", 72.83, 72.83, 40.2, 0],
		[258, "K10_2", 2814.98, -2525, "B", "DIP", "GND", "GND", "C", 72.83, 72.83, 40.2, 0],
		[259, "K10_3", 2914.98, -2525, "T", "DIP", "K10_3", "", "C", 72.83, 72.83, 40.2, 0],
		[260, "K10_3", 2914.98, -2525, "B", "DIP", "K10_3", "", "C", 72.83, 72.83, 40.2, 0],
		[261, "K10_4", 3014.98, -2525, "T", "DIP", "K10_4", "", "C", 72.83, 72.83, 40.2, 0],
		[262, "K10_4", 3014.98, -2525, "B", "DIP", "K10_4", "", "C", 72.83, 72.83, 40.2, 0],
		[263, "K11_1", 255, -110, "T", "DIP", "3V3", "", "R", 59, 59, 36, 0],
		[264, "K11_1", 255, -110, "B", "DIP", "3V3", "", "R", 59, 59, 36, 0],
		[265, "K11_2", 355, -110, "T", "DIP", "U9_2", "", "C", 59, 59, 36, 0],
		[266, "K11_2", 355, -110, "B", "DIP", "U9_2", "", "C", 59, 59, 36, 0],
		[267, "K11_3", 455, -110, "T", "DIP", "U9_3", "", "C", 59, 59, 36, 0],
		[268, "K11_3", 455, -110, "B", "DIP", "U9_3", "", "C", 59, 59, 36, 0],
		[269, "K11_4", 555, -110, "T", "DIP", "U9_4", "", "C", 59, 59, 36, 0],
		[270, "K11_4", 555, -110, "B", "DIP", "U9_4", "", "C", 59, 59, 36, 0],
		[271, "K11_5", 655, -110, "T", "DIP", "U9_5", "", "C", 59, 59, 36, 0],
		[272, "K11_5", 655, -110, "B", "DIP", "U9_5", "", "C", 59, 59, 36, 0],
		[273, "K11_6", 755, -110, "T", "DIP", "U9_6", "", "C", 59, 59, 36, 0],
		[274, "K11_6", 755, -110, "B", "DIP", "U9_6", "", "C", 59, 59, 36, 0],
		[275, "K11_7", 855, -110, "T", "DIP", "U9_7", "", "C", 59, 59, 36, 0],
		[276, "K11_7", 855, -110, "B", "DIP", "U9_7", "", "C", 59, 59, 36, 0],
		[277, "K11_8", 955, -110, "T", "DIP", "U9_8", "", "C", 59, 59, 36, 0],
		[278, "K11_8", 955, -110, "B", "DIP", "U9_8", "", "C", 59, 59, 36, 0],
		[279, "K11_9", 1055, -110, "T", "DIP", "RESET", "", "C", 59, 59, 36, 0],
		[280, "K11_9", 1055, -110, "B", "DIP", "RESET", "", "C", 59, 59, 36, 0],
		[281, "K11_10", 1155, -110, "T", "DIP", "U1_33", "", "C", 59, 59, 36, 0],
		[282, "K11_10", 1155, -110, "B", "DIP", "U1_33", "", "C", 59, 59, 36, 0],
		[283, "K11_11", 1255, -110, "T", "DIP", "U9_11", "", "C", 59, 59, 36, 0],
		[284, "K11_11", 1255, -110, "B", "DIP", "U9_11", "", "C", 59, 59, 36, 0],
		[285, "K11_12", 1355, -110, "T", "DIP", "U9_12", "", "C", 59, 59, 36, 0],
		[286, "K11_12", 1355, -110, "B", "DIP", "U9_12", "", "C", 59, 59, 36, 0],
		[287, "K11_13", 1455, -110, "T", "DIP", "U9_13", "", "C", 59, 59, 36, 0],
		[288, "K11_13", 1455, -110, "B", "DIP", "U9_13", "", "C", 59, 59, 36, 0],
		[289, "K11_14", 1555, -110, "T", "DIP", "GND", "GND", "C", 59, 59, 36, 0],
		[290, "K11_14", 1555, -110, "B", "DIP", "GND", "GND", "C", 59, 59, 36, 0],
		[291, "K11_15", 1655, -110, "T", "DIP", "U9_15", "", "C", 59, 59, 36, 0],
		[292, "K11_15", 1655, -110, "B", "DIP", "U9_15", "", "C", 59, 59, 36, 0],
		[293, "K11_16", 1755, -110, "T", "DIP", "U9_16", "", "C", 59, 59, 36, 0],
		[294, "K11_16", 1755, -110, "B", "DIP", "U9_16", "", "C", 59, 59, 36, 0],
		[295, "K11_17", 1855, -110, "T", "DIP", "U9_17", "", "C", 59, 59, 36, 0],
		[296, "K11_17", 1855, -110, "B", "DIP", "U9_17", "", "C", 59, 59, 36, 0],
		[297, "K11_18", 1955, -110, "T", "DIP", "U9_18", "", "C", 59, 59, 36, 0],
		[298, "K11_18", 1955, -110, "B", "DIP", "U9_18", "", "C", 59, 59, 36, 0],
		[299, "K11_19", 2055, -110, "T", "DIP", "U9_19", "", "C", 59, 59, 36, 0],
		[300, "K11_19", 2055, -110, "B", "DIP", "U9_19", "", "C", 59, 59, 36, 0],
		[301, "K12_1", 685, -3164.99, "T", "DIP", "U1_4", "", "C", 70, 70, 40.2, 180],
		[302, "K12_1", 685, -3164.99, "B", "DIP", "U1_4", "", "C", 70, 70, 40.2, 180],
		[303, "K12_2", 685, -3064.99, "T", "DIP", "GND", "GND", "R", 70, 70, 40.2, 180],
		[304, "K12_2", 685, -3064.99, "B", "DIP", "GND", "GND", "R", 70, 70, 40.2, 180],
		[305, "K13_1", 315, -3164.99, "T", "DIP", "U1_3", "", "C", 70, 70, 40.2, 180],
		[306, "K13_1", 315, -3164.99, "B", "DIP", "U1_3", "", "C", 70, 70, 40.2, 180],
		[307, "K13_2", 315, -3064.99, "T", "DIP", "GND", "GND", "R", 70, 70, 40.2, 180],
		[308, "K13_2", 315, -3064.99, "B", "DIP", "GND", "GND", "R", 70, 70, 40.2, 180],
		[309, "K15_1", 255, 1280, "T", "DIP", "GND", "GND", "R", 59, 59, 36, 0],
		[310, "K15_1", 255, 1280, "B", "DIP", "GND", "GND", "R", 59, 59, 36, 0],
		[311, "K15_2", 355, 1280, "T", "DIP", "U9_21", "", "C", 59, 59, 36, 0],
		[312, "K15_2", 355, 1280, "B", "DIP", "U9_21", "", "C", 59, 59, 36, 0],
		[313, "K15_3", 455, 1280, "T", "DIP", "U9_22", "", "C", 59, 59, 36, 0],
		[314, "K15_3", 455, 1280, "B", "DIP", "U9_22", "", "C", 59, 59, 36, 0],
		[315, "K15_4", 555, 1280, "T", "DIP", "U9_23", "", "C", 59, 59, 36, 0],
		[316, "K15_4", 555, 1280, "B", "DIP", "U9_23", "", "C", 59, 59, 36, 0],
		[317, "K15_5", 655, 1280, "T", "DIP", "U9_24", "", "C", 59, 59, 36, 0],
		[318, "K15_5", 655, 1280, "B", "DIP", "U9_24", "", "C", 59, 59, 36, 0],
		[319, "K15_6", 755, 1280, "T", "DIP", "U9_25", "", "C", 59, 59, 36, 0],
		[320, "K15_6", 755, 1280, "B", "DIP", "U9_25", "", "C", 59, 59, 36, 0],
		[321, "K15_7", 855, 1280, "T", "DIP", "GND", "GND", "C", 59, 59, 36, 0],
		[322, "K15_7", 855, 1280, "B", "DIP", "GND", "GND", "C", 59, 59, 36, 0],
		[323, "K15_8", 955, 1280, "T", "DIP", "U9_27", "", "C", 59, 59, 36, 0],
		[324, "K15_8", 955, 1280, "B", "DIP", "U9_27", "", "C", 59, 59, 36, 0],
		[325, "K15_9", 1055, 1280, "T", "DIP", "U9_28", "", "C", 59, 59, 36, 0],
		[326, "K15_9", 1055, 1280, "B", "DIP", "U9_28", "", "C", 59, 59, 36, 0],
		[327, "K15_10", 1155, 1280, "T", "DIP", "U9_29", "", "C", 59, 59, 36, 0],
		[328, "K15_10", 1155, 1280, "B", "DIP", "U9_29", "", "C", 59, 59, 36, 0],
		[329, "K15_11", 1255, 1280, "T", "DIP", "U1_24", "", "C", 59, 59, 36, 0],
		[330, "K15_11", 1255, 1280, "B", "DIP", "U1_24", "", "C", 59, 59, 36, 0],
		[331, "K15_12", 1355, 1280, "T", "DIP", "U1_23", "", "C", 59, 59, 36, 0],
		[332, "K15_12", 1355, 1280, "B", "DIP", "U1_23", "", "C", 59, 59, 36, 0],
		[333, "K15_13", 1455, 1280, "T", "DIP", "U9_32", "", "C", 59, 59, 36, 0],
		[334, "K15_13", 1455, 1280, "B", "DIP", "U9_32", "", "C", 59, 59, 36, 0],
		[335, "K15_14", 1555, 1280, "T", "DIP", "U9_33", "", "C", 59, 59, 36, 0],
		[336, "K15_14", 1555, 1280, "B", "DIP", "U9_33", "", "C", 59, 59, 36, 0],
		[337, "K15_15", 1655, 1280, "T", "DIP", "U9_34", "", "C", 59, 59, 36, 0],
		[338, "K15_15", 1655, 1280, "B", "DIP", "U9_34", "", "C", 59, 59, 36, 0],
		[339, "K15_16", 1755, 1280, "T", "DIP", "U9_35", "", "C", 59, 59, 36, 0],
		[340, "K15_16", 1755, 1280, "B", "DIP", "U9_35", "", "C", 59, 59, 36, 0],
		[341, "K15_17", 1855, 1280, "T", "DIP", "U9_36", "", "C", 59, 59, 36, 0],
		[342, "K15_17", 1855, 1280, "B", "DIP", "U9_36", "", "C", 59, 59, 36, 0],
		[343, "K15_18", 1955, 1280, "T", "DIP", "U9_37", "", "C", 59, 59, 36, 0],
		[344, "K15_18", 1955, 1280, "B", "DIP", "U9_37", "", "C", 59, 59, 36, 0],
		[345, "K15_19", 2055, 1280, "T", "DIP", "U9_38", "", "C", 59, 59, 36, 0],
		[346, "K15_19", 2055, 1280, "B", "DIP", "U9_38", "", "C", 59, 59, 36, 0],
		[347, "K16_1", 1045, -3159.99, "T", "DIP", "U1_5", "", "R", 70, 70, 40.2, 180],
		[348, "K16_1", 1045, -3159.99, "B", "DIP", "U1_5", "", "R", 70, 70, 40.2, 180],
		[349, "K16_2", 1045, -3059.99, "T", "DIP", "GND", "GND", "C", 70, 70, 40.2, 180],
		[350, "K16_2", 1045, -3059.99, "B", "DIP", "GND", "GND", "C", 70, 70, 40.2, 180],
		[351, "LS2_1", 2949.99, 195, "T", "DIP", "GND", "GND", "R", 69.37, 69.37, 39.37, 270],
		[352, "LS2_1", 2949.99, 195, "B", "DIP", "GND", "GND", "R", 69.37, 69.37, 39.37, 270],
		[353, "LS2_2", 2849.99, 195, "T", "DIP", "U1_34", "", "C", 69.37, 69.37, 39.37, 270],
		[354, "LS2_2", 2849.99, 195, "B", "DIP", "U1_34", "", "C", 69.37, 69.37, 39.37, 270],
		[355, "LS2_3", 2749.99, 195, "T", "DIP", "5V", "", "C", 69.37, 69.37, 39.37, 270],
		[356, "LS2_3", 2749.99, 195, "B", "DIP", "5V", "", "C", 69.37, 69.37, 39.37, 270],
		[357, "R1_1", 4887.85, -195, "T", "SMD", "5V", "", "R", 40, 50, 0, 270],
		[358, "R1_2", 4887.85, -275, "T", "SMD", "D1_1", "", "R", 40, 50, 0, 270],
		[359, "R2_1", 4743.56, -195, "T", "SMD", "5V", "", "R", 40, 50, 0, 270],
		[360, "R2_2", 4743.56, -275, "T", "SMD", "D2_1", "", "R", 40, 50, 0, 270],
		[361, "R3_1", 4599.28, -195, "T", "SMD", "5V", "", "R", 40, 50, 0, 270],
		[362, "R3_2", 4599.28, -275, "T", "SMD", "D3_1", "", "R", 40, 50, 0, 270],
		[363, "R4_1", 4454.99, -195, "T", "SMD", "5V", "", "R", 40, 50, 0, 270],
		[364, "R4_2", 4454.99, -275, "T", "SMD", "D4_1", "", "R", 40, 50, 0, 270],
		[365, "R5_1", 5032.13, -195, "T", "SMD", "5V", "", "R", 40, 50, 0, 270],
		[366, "R5_2", 5032.13, -275, "T", "SMD", "D5_1", "", "R", 40, 50, 0, 270],
		[367, "R6_1", 5176.42, -195, "T", "SMD", "5V", "", "R", 40, 50, 0, 270],
		[368, "R6_2", 5176.42, -275, "T", "SMD", "D6_1", "", "R", 40, 50, 0, 270],
		[369, "R7_1", 5320.7, -195, "T", "SMD", "5V", "", "R", 40, 50, 0, 270],
		[370, "R7_2", 5320.7, -275, "T", "SMD", "D7_A", "", "R", 40, 50, 0, 270],
		[371, "R8_1", 5464.99, -195, "T", "SMD", "5V", "", "R", 40, 50, 0, 270],
		[372, "R8_2", 5464.99, -275, "T", "SMD", "R8_2", "", "R", 40, 50, 0, 270],
		[373, "R9_1", 1185, -3244.99, "T", "SMD", "3V3", "", "R", 40, 50, 0, 90],
		[374, "R9_2", 1185, -3164.99, "T", "SMD", "U1_5", "", "R", 40, 50, 0, 90],
		[375, "R11_1", 1930, -3239.99, "T", "SMD", "3V3", "", "R", 40, 50, 0, 90],
		[376, "R11_2", 1930, -3159.99, "T", "SMD", "U1_28", "", "R", 40, 50, 0, 90],
		[377, "R12_1", 1575, -3239.99, "T", "SMD", "3V3", "", "R", 40, 50, 0, 90],
		[378, "R12_2", 1575, -3159.99, "T", "SMD", "U1_27", "", "R", 40, 50, 0, 90],
		[379, "R13_1", 460, -3244.99, "T", "SMD", "3V3", "", "R", 40, 50, 0, 90],
		[380, "R13_2", 460, -3164.99, "T", "SMD", "U1_3", "", "R", 40, 50, 0, 90],
		[381, "R14_1", 830, -3244.99, "T", "SMD", "3V3", "", "R", 40, 50, 0, 90],
		[382, "R14_2", 830, -3164.99, "T", "SMD", "U1_4", "", "R", 40, 50, 0, 90],
		[383, "U1_1", 256.34, -1573.82, "T", "DIP", "3V3", "", "C", 61.42, 61.42, 41.14, 90],
		[384, "U1_1", 256.34, -1573.82, "B", "DIP", "3V3", "", "C", 61.42, 61.42, 41.14, 90],
		[385, "U1_2", 355, -1575, "T", "DIP", "RESET", "", "C", 61.42, 61.42, 41.14, 90],
		[386, "U1_2", 355, -1575, "B", "DIP", "RESET", "", "C", 61.42, 61.42, 41.14, 90],
		[387, "U1_3", 455, -1575, "T", "DIP", "U1_3", "", "C", 61.42, 61.42, 41.14, 90],
		[388, "U1_3", 455, -1575, "B", "DIP", "U1_3", "", "C", 61.42, 61.42, 41.14, 90],
		[389, "U1_4", 555, -1575, "T", "DIP", "U1_4", "", "C", 61.42, 61.42, 41.14, 90],
		[390, "U1_4", 555, -1575, "B", "DIP", "U1_4", "", "C", 61.42, 61.42, 41.14, 90],
		[391, "U1_5", 655, -1575, "T", "DIP", "U1_5", "", "C", 61.42, 61.42, 41.14, 90],
		[392, "U1_5", 655, -1575, "B", "DIP", "U1_5", "", "C", 61.42, 61.42, 41.14, 90],
		[393, "U1_6", 755, -1575, "T", "DIP", "U1_6", "", "C", 61.42, 61.42, 41.14, 90],
		[394, "U1_6", 755, -1575, "B", "DIP", "U1_6", "", "C", 61.42, 61.42, 41.14, 90],
		[395, "U1_7", 855, -1575, "T", "DIP", "U1_7", "", "C", 61.42, 61.42, 41.14, 90],
		[396, "U1_7", 855, -1575, "B", "DIP", "U1_7", "", "C", 61.42, 61.42, 41.14, 90],
		[397, "U1_8", 955, -1575, "T", "DIP", "U1_8", "", "C", 61.42, 61.42, 41.14, 90],
		[398, "U1_8", 955, -1575, "B", "DIP", "U1_8", "", "C", 61.42, 61.42, 41.14, 90],
		[399, "U1_9", 1055, -1575, "T", "DIP", "U1_9", "", "C", 61.42, 61.42, 41.14, 90],
		[400, "U1_9", 1055, -1575, "B", "DIP", "U1_9", "", "C", 61.42, 61.42, 41.14, 90],
		[401, "U1_10", 1155, -1575, "T", "DIP", "U1_10", "", "C", 61.42, 61.42, 41.14, 90],
		[402, "U1_10", 1155, -1575, "B", "DIP", "U1_10", "", "C", 61.42, 61.42, 41.14, 90],
		[403, "U1_11", 1255, -1575, "T", "DIP", "U1_11", "", "C", 61.42, 61.42, 41.14, 90],
		[404, "U1_11", 1255, -1575, "B", "DIP", "U1_11", "", "C", 61.42, 61.42, 41.14, 90],
		[405, "U1_12", 1355, -1575, "T", "DIP", "U1_12", "", "C", 61.42, 61.42, 41.14, 90],
		[406, "U1_12", 1355, -1575, "B", "DIP", "U1_12", "", "C", 61.42, 61.42, 41.14, 90],
		[407, "U1_13", 1455, -1575, "T", "DIP", "U1_13", "", "C", 61.42, 61.42, 41.14, 90],
		[408, "U1_13", 1455, -1575, "B", "DIP", "U1_13", "", "C", 61.42, 61.42, 41.14, 90],
		[409, "U1_14", 1555, -1575, "T", "DIP", "GND", "GND", "R", 61.42, 61.42, 41.14, 90],
		[410, "U1_14", 1555, -1575, "B", "DIP", "GND", "GND", "R", 61.42, 61.42, 41.14, 90],
		[411, "U1_15", 1655, -1575, "T", "DIP", "U1_15", "", "C", 61.42, 61.42, 41.14, 90],
		[412, "U1_15", 1655, -1575, "B", "DIP", "U1_15", "", "C", 61.42, 61.42, 41.14, 90],
		[413, "U1_16", 1755, -1575, "T", "DIP", "U1_16", "", "C", 61.42, 61.42, 41.14, 90],
		[414, "U1_16", 1755, -1575, "B", "DIP", "U1_16", "", "C", 61.42, 61.42, 41.14, 90],
		[415, "U1_17", 1855, -1575, "T", "DIP", "U1_17", "", "C", 61.42, 61.42, 41.14, 90],
		[416, "U1_17", 1855, -1575, "B", "DIP", "U1_17", "", "C", 61.42, 61.42, 41.14, 90],
		[417, "U1_18", 1955, -1575, "T", "DIP", "U1_18", "", "C", 61.42, 61.42, 41.14, 90],
		[418, "U1_18", 1955, -1575, "B", "DIP", "U1_18", "", "C", 61.42, 61.42, 41.14, 90],
		[419, "U1_19", 2055, -1575, "T", "DIP", "U1_19", "", "C", 61.42, 61.42, 41.14, 90],
		[420, "U1_19", 2055, -1575, "B", "DIP", "U1_19", "", "C", 61.42, 61.42, 41.14, 90],
		[421, "U1_20", 255, -573.82, "T", "DIP", "GND", "GND", "R", 61.42, 61.42, 42.99, 90],
		[422, "U1_20", 255, -573.82, "B", "DIP", "GND", "GND", "R", 61.42, 61.42, 42.99, 90],
		[423, "U1_21", 355, -573.82, "T", "DIP", "U1_21", "", "C", 61.42, 61.42, 41.14, 90],
		[424, "U1_21", 355, -573.82, "B", "DIP", "U1_21", "", "C", 61.42, 61.42, 41.14, 90],
		[425, "U1_22", 455, -573.82, "T", "DIP", "U1_22", "", "C", 61.42, 61.42, 41.14, 90],
		[426, "U1_22", 455, -573.82, "B", "DIP", "U1_22", "", "C", 61.42, 61.42, 41.14, 90],
		[427, "U1_23", 555, -573.82, "T", "DIP", "U1_23", "", "C", 61.42, 61.42, 41.14, 90],
		[428, "U1_23", 555, -573.82, "B", "DIP", "U1_23", "", "C", 61.42, 61.42, 41.14, 90],
		[429, "U1_24", 655, -573.82, "T", "DIP", "U1_24", "", "C", 61.42, 61.42, 41.14, 90],
		[430, "U1_24", 655, -573.82, "B", "DIP", "U1_24", "", "C", 61.42, 61.42, 41.14, 90],
		[431, "U1_25", 755, -573.82, "T", "DIP", "U1_25", "", "C", 61.42, 61.42, 41.14, 90],
		[432, "U1_25", 755, -573.82, "B", "DIP", "U1_25", "", "C", 61.42, 61.42, 41.14, 90],
		[433, "U1_26", 855, -573.82, "T", "DIP", "GND", "GND", "R", 61.42, 61.42, 41.14, 90],
		[434, "U1_26", 855, -573.82, "B", "DIP", "GND", "GND", "R", 61.42, 61.42, 41.14, 90],
		[435, "U1_27", 955, -573.82, "T", "DIP", "U1_27", "", "C", 61.42, 61.42, 41.14, 90],
		[436, "U1_27", 955, -573.82, "B", "DIP", "U1_27", "", "C", 61.42, 61.42, 41.14, 90],
		[437, "U1_28", 1055, -573.82, "T", "DIP", "U1_28", "", "C", 61.42, 61.42, 41.14, 90],
		[438, "U1_28", 1055, -573.82, "B", "DIP", "U1_28", "", "C", 61.42, 61.42, 41.14, 90],
		[439, "U1_29", 1155, -573.82, "T", "DIP", "U1_29", "", "C", 61.42, 61.42, 41.14, 90],
		[440, "U1_29", 1155, -573.82, "B", "DIP", "U1_29", "", "C", 61.42, 61.42, 41.14, 90],
		[441, "U1_30", 1255, -573.82, "T", "DIP", "U1_30", "", "C", 61.42, 61.42, 41.14, 90],
		[442, "U1_30", 1255, -573.82, "B", "DIP", "U1_30", "", "C", 61.42, 61.42, 41.14, 90],
		[443, "U1_31", 1355, -573.82, "T", "DIP", "U1_31", "", "C", 61.42, 61.42, 41.14, 90],
		[444, "U1_31", 1355, -573.82, "B", "DIP", "U1_31", "", "C", 61.42, 61.42, 41.14, 90],
		[445, "U1_32", 1455, -573.82, "T", "DIP", "U1_32", "", "C", 61.42, 61.42, 41.14, 90],
		[446, "U1_32", 1455, -573.82, "B", "DIP", "U1_32", "", "C", 61.42, 61.42, 41.14, 90],
		[447, "U1_33", 1555, -573.82, "T", "DIP", "U1_33", "", "C", 61.42, 61.42, 41.14, 90],
		[448, "U1_33", 1555, -573.82, "B", "DIP", "U1_33", "", "C", 61.42, 61.42, 41.14, 90],
		[449, "U1_34", 1655, -573.82, "T", "DIP", "U1_34", "", "C", 61.42, 61.42, 41.14, 90],
		[450, "U1_34", 1655, -573.82, "B", "DIP", "U1_34", "", "C", 61.42, 61.42, 41.14, 90],
		[451, "U1_35", 1755, -573.82, "T", "DIP", "U1_35", "", "C", 61.42, 61.42, 41.14, 90],
		[452, "U1_35", 1755, -573.82, "B", "DIP", "U1_35", "", "C", 61.42, 61.42, 41.14, 90],
		[453, "U1_36", 1855, -573.82, "T", "DIP", "U1_36", "", "C", 61.42, 61.42, 41.14, 90],
		[454, "U1_36", 1855, -573.82, "B", "DIP", "U1_36", "", "C", 61.42, 61.42, 41.14, 90],
		[455, "U1_37", 1955, -573.82, "T", "DIP", "U1_37", "", "C", 61.42, 61.42, 41.14, 90],
		[456, "U1_37", 1955, -573.82, "B", "DIP", "U1_37", "", "C", 61.42, 61.42, 41.14, 90],
		[457, "U1_38", 2055, -573.82, "T", "DIP", "U1_38", "", "C", 61.42, 61.42, 41.14, 90],
		[458, "U1_38", 2055, -573.82, "B", "DIP", "U1_38", "", "C", 61.42, 61.42, 41.14, 90],
		[459, "U2_1", 5314.99, -1400, "T", "DIP", "GND", "GND", "R", 55, 55, 28, 180],
		[460, "U2_1", 5314.99, -1400, "B", "DIP", "GND", "GND", "R", 55, 55, 28, 180],
		[461, "U2_2", 5214.99, -1400, "T", "DIP", "GND", "GND", "R", 55, 55, 28, 180],
		[462, "U2_2", 5214.99, -1400, "B", "DIP", "GND", "GND", "R", 55, 55, 28, 180],
		[463, "U2_3", 5114.99, -1400, "T", "DIP", "GND", "GND", "R", 55, 55, 28, 180],
		[464, "U2_3", 5114.99, -1400, "B", "DIP", "GND", "GND", "R", 55, 55, 28, 180],
		[465, "U2_4", 5014.99, -1400, "T", "DIP", "U2_4", "", "C", 55, 55, 28, 180],
		[466, "U2_4", 5014.99, -1400, "B", "DIP", "U2_4", "", "C", 55, 55, 28, 180],
		[467, "U2_5", 4914.99, -1400, "T", "DIP", "U2_5", "", "C", 55, 55, 28, 180],
		[468, "U2_5", 4914.99, -1400, "B", "DIP", "U2_5", "", "C", 55, 55, 28, 180],
		[469, "U2_6", 4814.99, -1400, "T", "DIP", "U2_6", "", "C", 55, 55, 28, 180],
		[470, "U2_6", 4814.99, -1400, "B", "DIP", "U2_6", "", "C", 55, 55, 28, 180],
		[471, "U2_7", 4714.99, -1400, "T", "DIP", "U2_7", "", "C", 55, 55, 28, 180],
		[472, "U2_7", 4714.99, -1400, "B", "DIP", "U2_7", "", "C", 55, 55, 28, 180],
		[473, "U2_8", 4614.99, -1400, "T", "DIP", "GND", "GND", "C", 55, 55, 28, 180],
		[474, "U2_8", 4614.99, -1400, "B", "DIP", "GND", "GND", "C", 55, 55, 28, 180],
		[475, "U2_9", 4614.99, -1700, "T", "DIP", "U2_9", "", "C", 55, 55, 28, 180],
		[476, "U2_9", 4614.99, -1700, "B", "DIP", "U2_9", "", "C", 55, 55, 28, 180],
		[477, "U2_10", 4714.99, -1700, "T", "DIP", "U2_10", "", "C", 55, 55, 28, 180],
		[478, "U2_10", 4714.99, -1700, "B", "DIP", "U2_10", "", "C", 55, 55, 28, 180],
		[479, "U2_11", 4814.99, -1700, "T", "DIP", "U2_11", "", "C", 55, 55, 28, 180],
		[480, "U2_11", 4814.99, -1700, "B", "DIP", "U2_11", "", "C", 55, 55, 28, 180],
		[481, "U2_12", 4914.99, -1700, "T", "DIP", "D1_2", "", "C", 55, 55, 28, 180],
		[482, "U2_12", 4914.99, -1700, "B", "DIP", "D1_2", "", "C", 55, 55, 28, 180],
		[483, "U2_13", 5014.99, -1700, "T", "DIP", "U2_13", "", "C", 55, 55, 28, 180],
		[484, "U2_13", 5014.99, -1700, "B", "DIP", "U2_13", "", "C", 55, 55, 28, 180],
		[485, "U2_14", 5114.99, -1700, "T", "DIP", "U2_14", "", "C", 55, 55, 28, 180],
		[486, "U2_14", 5114.99, -1700, "B", "DIP", "U2_14", "", "C", 55, 55, 28, 180],
		[487, "U2_15", 5214.99, -1700, "T", "DIP", "U2_15", "", "C", 55, 55, 28, 180],
		[488, "U2_15", 5214.99, -1700, "B", "DIP", "U2_15", "", "C", 55, 55, 28, 180],
		[489, "U2_16", 5314.99, -1700, "T", "DIP", "5V", "", "C", 55, 55, 28, 180],
		[490, "U2_16", 5314.99, -1700, "B", "DIP", "5V", "", "C", 55, 55, 28, 180],
		[491, "U3_1", 2649.99, -842.2, "T", "DIP", "U1_25", "", "C", 60, 60, 36, 0],
		[492, "U3_1", 2649.99, -842.2, "B", "DIP", "U1_25", "", "C", 60, 60, 36, 0],
		[493, "U3_2", 2649.99, -942.2, "T", "DIP", "U1_22", "", "C", 60, 60, 36, 0],
		[494, "U3_2", 2649.99, -942.2, "B", "DIP", "U1_22", "", "C", 60, 60, 36, 0],
		[495, "U3_3", 2649.99, -1042.2, "T", "DIP", "3V3", "", "C", 60, 60, 36, 0],
		[496, "U3_3", 2649.99, -1042.2, "B", "DIP", "3V3", "", "C", 60, 60, 36, 0],
		[497, "U3_4", 2649.99, -1142.2, "T", "DIP", "GND", "GND", "R", 60, 60, 36, 0],
		[498, "U3_4", 2649.99, -1142.2, "B", "DIP", "GND", "GND", "R", 60, 60, 36, 0],
		[499, "U3_5", 2649.99, -1242.2, "T", "DIP", "U1_30", "", "C", 60, 60, 36, 0],
		[500, "U3_5", 2649.99, -1242.2, "B", "DIP", "U1_30", "", "C", 60, 60, 36, 0],
		[501, "U3_6", 2649.99, -1342.2, "T", "DIP", "U1_31", "", "C", 60, 60, 36, 0],
		[502, "U3_6", 2649.99, -1342.2, "B", "DIP", "U1_31", "", "C", 60, 60, 36, 0],
		[503, "U3_7", 3049.99, -1340, "T", "DIP", "K10_3", "", "C", 60, 60, 36, 0],
		[504, "U3_7", 3049.99, -1340, "B", "DIP", "K10_3", "", "C", 60, 60, 36, 0],
		[505, "U3_8", 3049.99, -1240, "T", "DIP", "K10_4", "", "C", 60, 60, 36, 0],
		[506, "U3_8", 3049.99, -1240, "B", "DIP", "K10_4", "", "C", 60, 60, 36, 0],
		[507, "U3_9", 3049.99, -1140, "T", "DIP", "GND", "GND", "R", 60, 60, 36, 0],
		[508, "U3_9", 3049.99, -1140, "B", "DIP", "GND", "GND", "R", 60, 60, 36, 0],
		[509, "U3_10", 3049.99, -1040, "T", "DIP", "5V", "", "C", 60, 60, 36, 0],
		[510, "U3_10", 3049.99, -1040, "B", "DIP", "5V", "", "C", 60, 60, 36, 0],
		[511, "U3_11", 3049.99, -940, "T", "DIP", "U2_14", "", "C", 60, 60, 36, 0],
		[512, "U3_11", 3049.99, -940, "B", "DIP", "U2_14", "", "C", 60, 60, 36, 0],
		[513, "U3_12", 3049.99, -840, "T", "DIP", "U2_15", "", "C", 60, 60, 36, 0],
		[514, "U3_12", 3049.99, -840, "B", "DIP", "U2_15", "", "C", 60, 60, 36, 0],
		[515, "U4_1", 3599.99, -2394.99, "T", "DIP", "5V", "", "C", 78.74, 78.74, 43.31, 0],
		[516, "U4_1", 3599.99, -2394.99, "B", "DIP", "5V", "", "C", 78.74, 78.74, 43.31, 0],
		[517, "U4_2", 3699.99, -2394.99, "T", "DIP", "GND", "GND", "C", 78.74, 78.74, 43.31, 0],
		[518, "U4_2", 3699.99, -2394.99, "B", "DIP", "GND", "GND", "C", 78.74, 78.74, 43.31, 0],
		[519, "U4_3", 3799.99, -2394.99, "T", "DIP", "U2_14", "", "C", 78.74, 78.74, 43.31, 0],
		[520, "U4_3", 3799.99, -2394.99, "B", "DIP", "U2_14", "", "C", 78.74, 78.74, 43.31, 0],
		[521, "U4_4", 3899.99, -2394.99, "T", "DIP", "U2_15", "", "C", 78.74, 78.74, 43.31, 0],
		[522, "U4_4", 3899.99, -2394.99, "B", "DIP", "U2_15", "", "C", 78.74, 78.74, 43.31, 0],
		[523, "U4_5", 3999.99, -2394.99, "T", "DIP", "GND", "GND", "C", 78.74, 78.74, 43.31, 0],
		[524, "U4_5", 3999.99, -2394.99, "B", "DIP", "GND", "GND", "C", 78.74, 78.74, 43.31, 0],
		[525, "U4_6", 4099.99, -2394.99, "T", "DIP", "U4_6", "", "C", 78.74, 78.74, 43.31, 0],
		[526, "U4_6", 4099.99, -2394.99, "B", "DIP", "U4_6", "", "C", 78.74, 78.74, 43.31, 0],
		[527, "U4_7", 4199.99, -2394.99, "T", "DIP", "U4_7", "", "C", 78.74, 78.74, 43.31, 0],
		[528, "U4_7", 4199.99, -2394.99, "B", "DIP", "U4_7", "", "C", 78.74, 78.74, 43.31, 0],
		[529, "U4_8", 4299.99, -2394.99, "T", "DIP", "U4_8", "", "C", 78.74, 78.74, 43.31, 0],
		[530, "U4_8", 4299.99, -2394.99, "B", "DIP", "U4_8", "", "C", 78.74, 78.74, 43.31, 0],
		[531, "U4_9", 4399.99, -2394.99, "T", "DIP", "U4_9", "", "C", 78.74, 78.74, 43.31, 0],
		[532, "U4_9", 4399.99, -2394.99, "B", "DIP", "U4_9", "", "C", 78.74, 78.74, 43.31, 0],
		[533, "U4_10", 4499.99, -2394.99, "T", "DIP", "U4_10", "", "C", 78.74, 78.74, 43.31, 0],
		[534, "U4_10", 4499.99, -2394.99, "B", "DIP", "U4_10", "", "C", 78.74, 78.74, 43.31, 0],
		[535, "U5_1", 4236.25, 1243.07, "T", "DIP", "K3_2", "", "R", 78.74, 78.74, 36, 270],
		[536, "U5_1", 4236.25, 1243.07, "B", "DIP", "K3_2", "", "R", 78.74, 78.74, 36, 270],
		[537, "U5_2", 4118.14, 1243.07, "T", "DIP", "K3_2", "", "R", 78.74, 78.74, 36, 270],
		[538, "U5_2", 4118.14, 1243.07, "B", "DIP", "K3_2", "", "R", 78.74, 78.74, 36, 270],
		[539, "U5_3", 3842.55, 1243.07, "T", "DIP", "K3_1", "", "C", 78.74, 78.74, 36, 270],
		[540, "U5_3", 3842.55, 1243.07, "B", "DIP", "K3_1", "", "C", 78.74, 78.74, 36, 270],
		[541, "U5_4", 3724.44, 1243.07, "T", "DIP", "K3_1", "", "C", 78.74, 78.74, 36, 270],
		[542, "U5_4", 3724.44, 1243.07, "B", "DIP", "K3_1", "", "C", 78.74, 78.74, 36, 270],
		[543, "U5_5", 3724.44, 495.04, "T", "DIP", "5V", "", "C", 78.74, 78.74, 36, 270],
		[544, "U5_5", 3724.44, 495.04, "B", "DIP", "5V", "", "C", 78.74, 78.74, 36, 270],
		[545, "U5_6", 3842.55, 495.04, "T", "DIP", "5V", "", "C", 78.74, 78.74, 36, 270],
		[546, "U5_6", 3842.55, 495.04, "B", "DIP", "5V", "", "C", 78.74, 78.74, 36, 270],
		[547, "U5_7", 4118.14, 495.04, "T", "DIP", "GND", "GND", "R", 78.74, 78.74, 36, 270],
		[548, "U5_7", 4118.14, 495.04, "B", "DIP", "GND", "GND", "R", 78.74, 78.74, 36, 270],
		[549, "U5_8", 4236.25, 495.04, "T", "DIP", "GND", "GND", "R", 78.74, 78.74, 36, 270],
		[550, "U5_8", 4236.25, 495.04, "B", "DIP", "GND", "GND", "R", 78.74, 78.74, 36, 270],
		[551, "U9_1", 256.34, 141.18, "T", "DIP", "3V3", "", "C", 61.42, 61.42, 41.14, 90],
		[552, "U9_1", 256.34, 141.18, "B", "DIP", "3V3", "", "C", 61.42, 61.42, 41.14, 90],
		[553, "U9_2", 355, 140, "T", "DIP", "U9_2", "", "C", 61.42, 61.42, 41.14, 90],
		[554, "U9_2", 355, 140, "B", "DIP", "U9_2", "", "C", 61.42, 61.42, 41.14, 90],
		[555, "U9_3", 455, 140, "T", "DIP", "U9_3", "", "C", 61.42, 61.42, 41.14, 90],
		[556, "U9_3", 455, 140, "B", "DIP", "U9_3", "", "C", 61.42, 61.42, 41.14, 90],
		[557, "U9_4", 555, 140, "T", "DIP", "U9_4", "", "C", 61.42, 61.42, 41.14, 90],
		[558, "U9_4", 555, 140, "B", "DIP", "U9_4", "", "C", 61.42, 61.42, 41.14, 90],
		[559, "U9_5", 655, 140, "T", "DIP", "U9_5", "", "C", 61.42, 61.42, 41.14, 90],
		[560, "U9_5", 655, 140, "B", "DIP", "U9_5", "", "C", 61.42, 61.42, 41.14, 90],
		[561, "U9_6", 755, 140, "T", "DIP", "U9_6", "", "C", 61.42, 61.42, 41.14, 90],
		[562, "U9_6", 755, 140, "B", "DIP", "U9_6", "", "C", 61.42, 61.42, 41.14, 90],
		[563, "U9_7", 855, 140, "T", "DIP", "U9_7", "", "C", 61.42, 61.42, 41.14, 90],
		[564, "U9_7", 855, 140, "B", "DIP", "U9_7", "", "C", 61.42, 61.42, 41.14, 90],
		[565, "U9_8", 955, 140, "T", "DIP", "U9_8", "", "C", 61.42, 61.42, 41.14, 90],
		[566, "U9_8", 955, 140, "B", "DIP", "U9_8", "", "C", 61.42, 61.42, 41.14, 90],
		[567, "U9_9", 1055, 140, "T", "DIP", "RESET", "", "C", 61.42, 61.42, 41.14, 90],
		[568, "U9_9", 1055, 140, "B", "DIP", "RESET", "", "C", 61.42, 61.42, 41.14, 90],
		[569, "U9_10", 1155, 140, "T", "DIP", "U1_33", "", "C", 61.42, 61.42, 41.14, 90],
		[570, "U9_10", 1155, 140, "B", "DIP", "U1_33", "", "C", 61.42, 61.42, 41.14, 90],
		[571, "U9_11", 1255, 140, "T", "DIP", "U9_11", "", "C", 61.42, 61.42, 41.14, 90],
		[572, "U9_11", 1255, 140, "B", "DIP", "U9_11", "", "C", 61.42, 61.42, 41.14, 90],
		[573, "U9_12", 1355, 140, "T", "DIP", "U9_12", "", "C", 61.42, 61.42, 41.14, 90],
		[574, "U9_12", 1355, 140, "B", "DIP", "U9_12", "", "C", 61.42, 61.42, 41.14, 90],
		[575, "U9_13", 1455, 140, "T", "DIP", "U9_13", "", "C", 61.42, 61.42, 41.14, 90],
		[576, "U9_13", 1455, 140, "B", "DIP", "U9_13", "", "C", 61.42, 61.42, 41.14, 90],
		[577, "U9_14", 1555, 140, "T", "DIP", "GND", "GND", "R", 61.42, 61.42, 41.14, 90],
		[578, "U9_14", 1555, 140, "B", "DIP", "GND", "GND", "R", 61.42, 61.42, 41.14, 90],
		[579, "U9_15", 1655, 140, "T", "DIP", "U9_15", "", "C", 61.42, 61.42, 41.14, 90],
		[580, "U9_15", 1655, 140, "B", "DIP", "U9_15", "", "C", 61.42, 61.42, 41.14, 90],
		[581, "U9_16", 1755, 140, "T", "DIP", "U9_16", "", "C", 61.42, 61.42, 41.14, 90],
		[582, "U9_16", 1755, 140, "B", "DIP", "U9_16", "", "C", 61.42, 61.42, 41.14, 90],
		[583, "U9_17", 1855, 140, "T", "DIP", "U9_17", "", "C", 61.42, 61.42, 41.14, 90],
		[584, "U9_17", 1855, 140, "B", "DIP", "U9_17", "", "C", 61.42, 61.42, 41.14, 90],
		[585, "U9_18", 1955, 140, "T", "DIP", "U9_18", "", "C", 61.42, 61.42, 41.14, 90],
		[586, "U9_18", 1955, 140, "B", "DIP", "U9_18", "", "C", 61.42, 61.42, 41.14, 90],
		[587, "U9_19", 2055, 140, "T", "DIP", "U9_19", "", "C", 61.42, 61.42, 41.14, 90],
		[588, "U9_19", 2055, 140, "B", "DIP", "U9_19", "", "C", 61.42, 61.42, 41.14, 90],
		[589, "U9_20", 255, 1141.18, "T", "DIP", "GND", "GND", "R", 61.42, 61.42, 42.99, 90],
		[590, "U9_20", 255, 1141.18, "B", "DIP", "GND", "GND", "R", 61.42, 61.42, 42.99, 90],
		[591, "U9_21", 355, 1141.18, "T", "DIP", "U9_21", "", "C", 61.42, 61.42, 41.14, 90],
		[592, "U9_21", 355, 1141.18, "B", "DIP", "U9_21", "", "C", 61.42, 61.42, 41.14, 90],
		[593, "U9_22", 455, 1141.18, "T", "DIP", "U9_22", "", "C", 61.42, 61.42, 41.14, 90],
		[594, "U9_22", 455, 1141.18, "B", "DIP", "U9_22", "", "C", 61.42, 61.42, 41.14, 90],
		[595, "U9_23", 555, 1141.18, "T", "DIP", "U9_23", "", "C", 61.42, 61.42, 41.14, 90],
		[596, "U9_23", 555, 1141.18, "B", "DIP", "U9_23", "", "C", 61.42, 61.42, 41.14, 90],
		[597, "U9_24", 655, 1141.18, "T", "DIP", "U9_24", "", "C", 61.42, 61.42, 41.14, 90],
		[598, "U9_24", 655, 1141.18, "B", "DIP", "U9_24", "", "C", 61.42, 61.42, 41.14, 90],
		[599, "U9_25", 755, 1141.18, "T", "DIP", "U9_25", "", "C", 61.42, 61.42, 41.14, 90],
		[600, "U9_25", 755, 1141.18, "B", "DIP", "U9_25", "", "C", 61.42, 61.42, 41.14, 90],
		[601, "U9_26", 855, 1141.18, "T", "DIP", "GND", "GND", "R", 61.42, 61.42, 41.14, 90],
		[602, "U9_26", 855, 1141.18, "B", "DIP", "GND", "GND", "R", 61.42, 61.42, 41.14, 90],
		[603, "U9_27", 955, 1141.18, "T", "DIP", "U9_27", "", "C", 61.42, 61.42, 41.14, 90],
		[604, "U9_27", 955, 1141.18, "B", "DIP", "U9_27", "", "C", 61.42, 61.42, 41.14, 90],
		[605, "U9_28", 1055, 1141.18, "T", "DIP", "U9_28", "", "C", 61.42, 61.42, 41.14, 90],
		[606, "U9_28", 1055, 1141.18, "B", "DIP", "U9_28", "", "C", 61.42, 61.42, 41.14, 90],
		[607, "U9_29", 1155, 1141.18, "T", "DIP", "U9_29", "", "C", 61.42, 61.42, 41.14, 90],
		[608, "U9_29", 1155, 1141.18, "B", "DIP", "U9_29", "", "C", 61.42, 61.42, 41.14, 90],
		[609, "U9_30", 1255, 1141.18, "T", "DIP", "U1_24", "", "C", 61.42, 61.42, 41.14, 90],
		[610, "U9_30", 1255, 1141.18, "B", "DIP", "U1_24", "", "C", 61.42, 61.42, 41.14, 90],
		[611, "U9_31", 1355, 1141.18, "T", "DIP", "U1_23", "", "C", 61.42, 61.42, 41.14, 90],
		[612, "U9_31", 1355, 1141.18, "B", "DIP", "U1_23", "", "C", 61.42, 61.42, 41.14, 90],
		[613, "U9_32", 1455, 1141.18, "T", "DIP", "U9_32", "", "C", 61.42, 61.42, 41.14, 90],
		[614, "U9_32", 1455, 1141.18, "B", "DIP", "U9_32", "", "C", 61.42, 61.42, 41.14, 90],
		[615, "U9_33", 1555, 1141.18, "T", "DIP", "U9_33", "", "C", 61.42, 61.42, 41.14, 90],
		[616, "U9_33", 1555, 1141.18, "B", "DIP", "U9_33", "", "C", 61.42, 61.42, 41.14, 90],
		[617, "U9_34", 1655, 1141.18, "T", "DIP", "U9_34", "", "C", 61.42, 61.42, 41.14, 90],
		[618, "U9_34", 1655, 1141.18, "B", "DIP", "U9_34", "", "C", 61.42, 61.42, 41.14, 90],
		[619, "U9_35", 1755, 1141.18, "T", "DIP", "U9_35", "", "C", 61.42, 61.42, 41.14, 90],
		[620, "U9_35", 1755, 1141.18, "B", "DIP", "U9_35", "", "C", 61.42, 61.42, 41.14, 90],
		[621, "U9_36", 1855, 1141.18, "T", "DIP", "U9_36", "", "C", 61.42, 61.42, 41.14, 90],
		[622, "U9_36", 1855, 1141.18, "B", "DIP", "U9_36", "", "C", 61.42, 61.42, 41.14, 90],
		[623, "U9_37", 1955, 1141.18, "T", "DIP", "U9_37", "", "C", 61.42, 61.42, 41.14, 90],
		[624, "U9_37", 1955, 1141.18, "B", "DIP", "U9_37", "", "C", 61.42, 61.42, 41.14, 90],
		[625, "U9_38", 2055, 1141.18, "T", "DIP", "U9_38", "", "C", 61.42, 61.42, 41.14, 90],
		[626, "U9_38", 2055, 1141.18, "B", "DIP", "U9_38", "", "C", 61.42, 61.42, 41.14, 90]
	]
}
}